Date,Year,Month,Monthly_Rainfall
1996-01-01,1996,1,10.8
1996-02-01,1996,2,96.5
1996-03-01,1996,3,106.39999999999999
1996-04-01,1996,4,242.3
1996-05-01,1996,5,277.70000000000005
1996-06-01,1996,6,323.90000000000003
1996-07-01,1996,7,286.1
1996-08-01,1996,8,174.1
1996-09-01,1996,9,46.9
1996-10-01,1996,10,63.3
1996-11-01,1996,11,100.8
1996-12-01,1996,12,63.6
1997-01-01,1997,1,38.4
1997-02-01,1997,2,36.3
1997-03-01,1997,3,117.40000000000002
1997-04-01,1997,4,149.3
1997-05-01,1997,5,408.10000000000014
1997-06-01,1997,6,434.09999999999997
1997-07-01,1997,7,78.79999999999998
1997-08-01,1997,8,10.399999999999999
1997-09-01,1997,9,52.0
1997-10-01,1997,10,86.19999999999999
1997-11-01,1997,11,116.49999999999999
1997-12-01,1997,12,130.39999999999998
1998-01-01,1998,1,14.7
1998-02-01,1998,2,15.2
1998-03-01,1998,3,141.79999999999998
1998-04-01,1998,4,129.79999999999998
1998-05-01,1998,5,189.6
1998-06-01,1998,6,238.30000000000004
1998-07-01,1998,7,97.8
1998-08-01,1998,8,24.1
1998-09-01,1998,9,89.9
1998-10-01,1998,10,250.1
1998-11-01,1998,11,157.5
1998-12-01,1998,12,31.7
1999-01-01,1999,1,65.6
1999-02-01,1999,2,109.9
1999-03-01,1999,3,195.2
1999-04-01,1999,4,87.19999999999997
1999-05-01,1999,5,332.6
1999-06-01,1999,6,376.00000000000006
1999-07-01,1999,7,181.7
1999-08-01,1999,8,162.5
1999-09-01,1999,9,86.4
1999-10-01,1999,10,135.3
1999-11-01,1999,11,265.8
1999-12-01,1999,12,28.9
2000-01-01,2000,1,52.2
2000-02-01,2000,2,63.900000000000006
2000-03-01,2000,3,17.0
2000-04-01,2000,4,133.9
2000-05-01,2000,5,303.3
2000-06-01,2000,6,434.09999999999997
2000-07-01,2000,7,72.8
2000-08-01,2000,8,87.2
2000-09-01,2000,9,135.50000000000003
2000-10-01,2000,10,164.10000000000002
2000-11-01,2000,11,134.29999999999998
2000-12-01,2000,12,65.9
2001-01-01,2001,1,3.5
2001-02-01,2001,2,45.00000000000001
2001-03-01,2001,3,167.4
2001-04-01,2001,4,168.7
2001-05-01,2001,5,130.59999999999997
2001-06-01,2001,6,232.6
2001-07-01,2001,7,118.39999999999999
2001-08-01,2001,8,43.2
2001-09-01,2001,9,82.0
2001-10-01,2001,10,239.50000000000003
2001-11-01,2001,11,123.20000000000002
2001-12-01,2001,12,54.70000000000001
2002-01-01,2002,1,29.599999999999998
2002-02-01,2002,2,16.6
2002-03-01,2002,3,86.7
2002-04-01,2002,4,125.10000000000001
2002-05-01,2002,5,93.5
2002-06-01,2002,6,311.20000000000005
2002-07-01,2002,7,327.3
2002-08-01,2002,8,57.900000000000006
2002-09-01,2002,9,68.69999999999999
2002-10-01,2002,10,186.60000000000002
2002-11-01,2002,11,123.80000000000001
2002-12-01,2002,12,130.9
2003-01-01,2003,1,36.9
2003-02-01,2003,2,42.300000000000004
2003-03-01,2003,3,185.3
2003-04-01,2003,4,172.50000000000003
2003-05-01,2003,5,216.50000000000003
2003-06-01,2003,6,234.3
2003-07-01,2003,7,11.8
2003-08-01,2003,8,40.9
2003-09-01,2003,9,125.80000000000001
2003-10-01,2003,10,325.8
2003-11-01,2003,11,97.59999999999998
2003-12-01,2003,12,36.2
2004-01-01,2004,1,162.60000000000002
2004-02-01,2004,2,92.5
2004-03-01,2004,3,110.7
2004-04-01,2004,4,154.1
2004-05-01,2004,5,272.40000000000003
2004-06-01,2004,6,190.70000000000002
2004-07-01,2004,7,120.1
2004-08-01,2004,8,78.4
2004-09-01,2004,9,411.70000000000005
2004-10-01,2004,10,222.8
2004-11-01,2004,11,165.29999999999998
2004-12-01,2004,12,34.2
2005-01-01,2005,1,0.6000000000000001
2005-02-01,2005,2,49.5
2005-03-01,2005,3,109.1
2005-04-01,2005,4,221.4
2005-05-01,2005,5,183.90000000000003
2005-06-01,2005,6,279.20000000000005
2005-07-01,2005,7,28.299999999999997
2005-08-01,2005,8,21.200000000000003
2005-09-01,2005,9,53.50000000000001
2005-10-01,2005,10,399.9999999999999
2005-11-01,2005,11,264.4
2005-12-01,2005,12,58.00000000000001
2006-01-01,2006,1,60.9
2006-02-01,2006,2,61.8
2006-03-01,2006,3,101.50000000000001
2006-04-01,2006,4,222.5
2006-05-01,2006,5,298.70000000000005
2006-06-01,2006,6,282.1
2006-07-01,2006,7,186.29999999999998
2006-08-01,2006,8,15.3
2006-09-01,2006,9,174.09999999999997
2006-10-01,2006,10,179.20000000000002
2006-11-01,2006,11,79.30000000000001
2006-12-01,2006,12,95.1
2007-01-01,2007,1,2.3000000000000003
2007-02-01,2007,2,21.1
2007-03-01,2007,3,192.70000000000002
2007-04-01,2007,4,196.1
2007-05-01,2007,5,187.2
2007-06-01,2007,6,237.0
2007-07-01,2007,7,257.90000000000003
2007-08-01,2007,8,101.50000000000001
2007-09-01,2007,9,324.9
2007-10-01,2007,10,385.00000000000006
2007-11-01,2007,11,153.0
2007-12-01,2007,12,73.6
2008-01-01,2008,1,21.000000000000004
2008-02-01,2008,2,107.19999999999999
2008-03-01,2008,3,289.8
2008-04-01,2008,4,242.20000000000002
2008-05-01,2008,5,374.4
2008-06-01,2008,6,220.3
2008-07-01,2008,7,310.7
2008-08-01,2008,8,86.5
2008-09-01,2008,9,105.8
2008-10-01,2008,10,169.00000000000003
2008-11-01,2008,11,142.70000000000002
2008-12-01,2008,12,63.00000000000001
2009-01-01,2009,1,5.4
2009-02-01,2009,2,99.80000000000001
2009-03-01,2009,3,65.0
2009-04-01,2009,4,74.39999999999999
2009-05-01,2009,5,259.1
2009-06-01,2009,6,394.79999999999995
2009-07-01,2009,7,249.89999999999998
2009-08-01,2009,8,35.4
2009-09-01,2009,9,43.50000000000001
2009-10-01,2009,10,42.3
2009-11-01,2009,11,196.4
2009-12-01,2009,12,78.3
2010-01-01,2010,1,69.9
2010-02-01,2010,2,116.5
2010-03-01,2010,3,173.60000000000002
2010-04-01,2010,4,249.9
2010-05-01,2010,5,179.00000000000003
2010-06-01,2010,6,145.70000000000002
2010-07-01,2010,7,65.60000000000001
2010-08-01,2010,8,211.10000000000002
2010-09-01,2010,9,334.4
2010-10-01,2010,10,187.3
2010-11-01,2010,11,213.0
2010-12-01,2010,12,81.4
2011-01-01,2011,1,84.5
2011-02-01,2011,2,124.00000000000001
2011-03-01,2011,3,198.29999999999998
2011-04-01,2011,4,255.5
2011-05-01,2011,5,230.29999999999998
2011-06-01,2011,6,430.90000000000003
2011-07-01,2011,7,137.49999999999997
2011-08-01,2011,8,102.39999999999999
2011-09-01,2011,9,160.70000000000002
2011-10-01,2011,10,175.2
2011-11-01,2011,11,156.5
2011-12-01,2011,12,110.2
2012-01-01,2012,1,16.1
2012-02-01,2012,2,117.60000000000001
2012-03-01,2012,3,123.40000000000002
2012-04-01,2012,4,104.9
2012-05-01,2012,5,256.6
2012-06-01,2012,6,287.8
2012-07-01,2012,7,225.89999999999998
2012-08-01,2012,8,28.9
2012-09-01,2012,9,120.4
2012-10-01,2012,10,270.40000000000003
2012-11-01,2012,11,113.10000000000001
2012-12-01,2012,12,148.0
2013-01-01,2013,1,22.0
2013-02-01,2013,2,69.3
2013-03-01,2013,3,133.70000000000002
2013-04-01,2013,4,56.800000000000004
2013-05-01,2013,5,199.49999999999997
2013-06-01,2013,6,181.8
2013-07-01,2013,7,148.29999999999998
2013-08-01,2013,8,8.2
2013-09-01,2013,9,180.8
2013-10-01,2013,10,157.49999999999997
2013-11-01,2013,11,197.1
2013-12-01,2013,12,60.9
2014-01-01,2014,1,91.30000000000001
2014-02-01,2014,2,54.800000000000004
2014-03-01,2014,3,82.60000000000001
2014-04-01,2014,4,116.6
2014-05-01,2014,5,257.7
2014-06-01,2014,6,415.59999999999997
2014-07-01,2014,7,332.59999999999997
2014-08-01,2014,8,62.60000000000001
2014-09-01,2014,9,213.10000000000002
2014-10-01,2014,10,162.8
2014-11-01,2014,11,197.79999999999998
2014-12-01,2014,12,125.8
2015-01-01,2015,1,51.3
2015-02-01,2015,2,65.6
2015-03-01,2015,3,106.1
2015-04-01,2015,4,131.3
2015-05-01,2015,5,159.1
2015-06-01,2015,6,216.79999999999998
2015-07-01,2015,7,73.1
2015-08-01,2015,8,25.700000000000003
2015-09-01,2015,9,38.49999999999999
2015-10-01,2015,10,243.20000000000002
2015-11-01,2015,11,280.8
2015-12-01,2015,12,3.8000000000000003
2016-01-01,2016,1,1.9000000000000001
2016-02-01,2016,2,48.300000000000004
2016-03-01,2016,3,199.4
2016-04-01,2016,4,178.5
2016-05-01,2016,5,196.70000000000002
2016-06-01,2016,6,434.09999999999997
2016-07-01,2016,7,92.1
2016-08-01,2016,8,134.20000000000002
2016-09-01,2016,9,128.8
2016-10-01,2016,10,330.59999999999997
2016-11-01,2016,11,264.49999999999994
2016-12-01,2016,12,106.1
2017-01-01,2017,1,29.200000000000003
2017-02-01,2017,2,36.5
2017-03-01,2017,3,134.9
2017-04-01,2017,4,188.50000000000003
2017-05-01,2017,5,222.10000000000005
2017-06-01,2017,6,319.8
2017-07-01,2017,7,122.50000000000003
2017-08-01,2017,8,102.9
2017-09-01,2017,9,165.5
2017-10-01,2017,10,178.20000000000002
2017-11-01,2017,11,265.40000000000003
2017-12-01,2017,12,186.10000000000002
2018-01-01,2018,1,28.4
2018-02-01,2018,2,59.5
2018-03-01,2018,3,128.2
2018-04-01,2018,4,92.8
2018-05-01,2018,5,434.09999999999997
2018-06-01,2018,6,322.7
2018-07-01,2018,7,156.5
2018-08-01,2018,8,36.0
2018-09-01,2018,9,331.7000000000001
2018-10-01,2018,10,167.10000000000002
2018-11-01,2018,11,198.70000000000002
2018-12-01,2018,12,14.9
2019-01-01,2019,1,47.7
2019-02-01,2019,2,71.0
2019-03-01,2019,3,87.00000000000001
2019-04-01,2019,4,214.0
2019-05-01,2019,5,258.5
2019-06-01,2019,6,316.2
2019-07-01,2019,7,65.2
2019-08-01,2019,8,84.5
2019-09-01,2019,9,330.8
